{"cameraMode":{"drawMode":0,"name":"Shaded","section":"Shading Mode"},"sceneLighting":true,"audioPlay":false,"sceneViewState":{"showFog":true,"showMaterialUpdate":true,"showSkybox":true,"showFlares":true,"showImageEffects":true,"showParticleSystems":true},"in2DMode":false,"pivot":{"x":-10.270209312438965,"y":6.412334442138672,"z":31.597339630126954},"rotation":{"x":-0.1319224089384079,"y":0.0050524575635790829,"z":-0.0006724575650878251,"w":-0.9912482500076294},"size":17.30215835571289,"orthographic":false}